,0
0,RHOA
1,STX2
2,CISD1
3,WDR11
4,SCYL2
5,MGC2889
6,CCDC47
7,KLF8
8,CCL1
9,SLCO3A1
10,GDF11
11,ASAH1
12,CDC42EP3
13,ENO1
14,FKBP4
15,SGF29
16,PPIC
17,TFAM
18,GABRQ
19,CLINT1
20,CCDC81
21,RAB36
22,FADD
23,RARRES2
24,ADCK2
25,SLC19A1
26,MYL9
27,MINK1
28,RASL10A
29,ZBTB14
30,MAFB
31,NAT2
32,NR3C2
33,HUNK
34,POLR2F
35,CUL1
36,AMMECR1
37,ZBTB33
38,S1PR4
39,CRYGB
40,CSRP1
41,CEBPA-DT
42,NSMF
43,MAP3K4
44,TIMM10B
45,CHSY1
46,SHPK
47,CD99
48,GPR27
49,FOXO1
50,ADAMTS2
51,MMP19
52,PDK3
53,PFKP
54,NRP2
55,SND1-IT1
56,FRMPD4
57,KCNJ15
58,DLL3
59,SLC10A1
60,SLC13A2
61,TNFRSF8
62,ZC3H4
63,CSTF2
64,RANBP9
65,CYP27A1
66,TMEM204
67,STK38
68,CPSF7
69,PNPO
70,OSGEP
71,RPS24
72,OXCT1
73,CAPN9
74,P3H1
75,MCHR1
76,FAM110D
77,RHOBTB2
78,CACNB2
79,TOE1
80,ABITRAM
81,ARHGAP45
82,GLG1
83,GNPAT
84,CCPG1
85,ANKRD6
86,YIPF5
87,FGD6
88,FCMR
89,TRA2A
90,MED18
91,GLUD2
92,CENPT
93,GTF2IRD1
94,TXNL4A
95,UBXN7
96,PNRC1
97,CRHR1
98,GSN-AS1
99,TBC1D8
100,SMCHD1
101,KLF4
102,ERBB4
103,IFI6
104,SEPHS1
105,TSC22D1
106,MUC1
107,CDKL5
108,NPHP4
109,ORC4
110,ITGA2B
111,LAMP3
112,HIKESHI
113,RRM1
114,HIP1R
115,DNAJC7
116,UNC5C
117,MAGI2
118,SPAG16
119,SFXN1
120,ANXA5
121,SDHB
122,HOXB1
123,TMEM248
124,IFIT1
125,SOX21
126,KCNA5
127,BTRC
128,GZMH
129,ZNF106
130,ATP1B2
131,PTGES3
132,AR
133,ST14
134,PCOLCE
135,ORC3
136,ACYP2
137,GAD2
138,DESI2
139,RDH8
140,PDCD4-AS1
141,CABP5
142,CEBPB
143,PAPSS1
144,RRP7A
145,LIF
146,ULBP2
147,ARNTL
148,UMOD
149,GRK3
150,AGK
151,GCFC2
152,IL4R
153,ZZEF1
154,PLPP3
155,LPGAT1
156,TG
157,TGM5
158,CYP1B1
159,DEFA6
160,SLC13A1
161,PLA2G4A
162,TMEM134
163,APBB3
164,SLC38A10
165,CGREF1
166,YARS
167,SLC35E1
168,VAMP3
169,PIN1P1
170,NEUROD4
171,OXR1
172,PLAU
173,CXADR
174,ZBED5
175,DMAC2
176,PTRH2
177,TCEAL4
178,UTP11
179,CDO1
180,AUTS2
181,SLC18A3
182,PAX7
183,CSAD
184,LIPF
185,RIDA
186,COMMD10
187,UQCC1
188,NAA50
189,SOCS5
190,TUBG2
191,DOHH
192,RBM8A
193,MAN1B1
194,PDCD11
195,DGAT1
196,VPS4B
197,IDI1
198,SLC49A3
199,DUS4L
200,XPC
201,SRSF6
202,ERBB3
203,C1orf54
204,ZFP30
205,PLAT
206,DKKL1
207,SOSTDC1
208,RIPOR2
209,JMJD6
210,CASP5
211,ADH5
212,KIF2A
213,CUL9
214,PLPP2
215,DCTPP1
216,USPL1
217,MRS2
218,SSTR3
219,KLC1
220,IDE
221,SMAP1
222,ATP2C1
223,EEF1AKMT3
224,MTSS2
225,BBOX1
226,KLF13
227,SPTLC2
228,DZANK1
229,ARHGEF9
230,ZNF783
231,APP
232,RADX
233,SLC12A8
234,RTN4
235,KRT86
236,CFAP410
237,HSD17B2
238,UTP14A
239,PAFAH1B3
240,TADA3
241,PARD6B
242,ANKMY2
243,PXDC1
244,NCLN
245,MAP3K7
246,CD248
247,MARK2
248,PRKCH
249,PRKAA2
250,AP1G2
251,CRYBB1
252,SCAMP5
253,AOC4P
254,ATP5PF
255,GOLGB1
256,LSM3
257,CYP2J2
258,ASNS
259,LSM1
260,PPP1R13B
261,VLDLR
262,SNCB
263,EGOT
264,NDUFA4L2
265,ACAT2
266,RUNX1-IT1
267,TMEM160
268,GPR143
269,NES
270,GPR153
271,TNXB
272,DIP2C
273,ZMYM4
274,TSPYL4
275,PTPRC
276,SH3BP4
277,CYP21A2
278,ALOX12
279,IFT52
280,CCT8
281,MCTS1
282,LSM4
283,POLR2L
284,ELOA2
285,DPEP1
286,CA7
287,FZD3
288,C1orf216
289,HPGD
290,IFI44L
291,UBR5
292,SNRPF
293,DDAH1
294,CLIP4
295,FAM89B
296,CNPPD1
297,SCTR
298,TOM1
299,FCGRT
300,CAMKV
301,PNPLA3
302,NDUFA4
303,TAF4B
304,CD2AP
305,TLN2
306,CTNNBIP1
307,NCAN
308,DMWD
309,RAB26
310,TPM4
311,MON2
312,SUN1
313,NR1H2
314,TAB1
315,CD83
316,WWOX
317,TYROBP
318,ARFRP1
319,TPD52
320,CCL5
321,HSPA1L
322,PDE9A
323,PTCH1
324,HTATIP2
325,KDM8
326,SGPL1
327,PAM
328,MRPL48
329,LOC100652931
330,RASL11B
331,HSPBAP1
332,CDC40
333,PPM1D
334,GABARAP
335,TUBA4B
336,SETDB1
337,CX3CR1
338,G6PC3
339,DHRS7B
340,PPP1R17
341,FAM50B
342,NDUFB8
343,CLIP1
344,GEM
345,RASSF4
346,ALOXE3
347,RABGGTB
348,EXTL3
349,MRPS16
350,HP
351,NFIC
352,STAR
353,PUS7
354,ANO10
355,PRPF6
356,TMEM35B
357,MAT1A
358,CLDN3
359,PNP
360,TNK2
361,XRCC5
362,MKKS
363,EPO
364,ZFP36L1
365,MEGF6
366,UBE2B
367,CCL22
368,WIPI2
369,FANCE
370,EMX1
371,DAPK2
372,IFI44
373,APPL2
374,CAMSAP1
375,HLA-J
376,MAP2K1
377,PAQR6
378,FAM168B
379,RND3
380,EDEM1
381,HEATR6
382,USP5
383,ANO2
384,ZNF587B
385,CD163
386,DNASE1L3
387,RHOG
388,POLR2A
389,FERMT2
390,PIK3R3
391,KLHL22
392,ETHE1
393,HAX1
394,TNPO2
395,ZNF185
396,GNAI3
397,LMBR1L
398,DDN
399,CSDC2
400,TBKBP1
401,NAE1
402,SLC25A13
403,AVP
404,ME3
405,ZNHIT6
406,FAM135A
407,CPTP
408,CTC-338M12.4
409,PUM2
410,SARAF
411,SPAG8
412,DNAJC24
413,KIF25
414,EVPL
415,ATP10B
416,CHRNA2
417,RRM2
418,FSCN3
419,DAP
420,OSBPL2
421,TECTA
422,CD33
423,UFC1
424,COL15A1
425,CACFD1
426,DYRK3
427,CKAP2
428,HNRNPA0
429,GTF2H4
430,HADHB
431,THUMPD1
432,CENPJ
433,VARS
434,MGP
435,FKBP3
436,TGFB3
437,WDR37
438,ZNF467
439,SF3B2
440,SP4
441,EGFL6
442,CELSR2
443,NOC2L
444,WDR13
445,HAP1
446,DSCAM
447,PDPK1
448,SALL2
449,CLK3
450,RBM48
451,TRAK1
452,VPS13B
453,EIF4G3
454,ABHD18
455,CDC42
456,PMPCA
457,TMEM242
458,LTK
459,NAT10
460,PLIN3
461,SLC25A36
462,LY6G5C
463,RSRC2
464,CD2
465,PKD1
466,CHST3
467,TMEM268
468,FLNA
469,ZNF473
470,PYGB
471,NR4A1
472,RSPH6A
473,SETD2
474,DSG3
475,LDB3
476,CDKN2A-DT
477,SPRY4
478,ACADS
479,DBN1
480,TREML2
481,A1CF
482,A2M
483,A4GALT
484,A4GNT
485,AAAS
486,AACS
487,AADAC
488,AAGAB
489,AAK1
490,AAMDC
491,AAMP
492,AANAT
493,AAR2
494,AARS
495,AASDHPPT
496,AASS
497,AATF
498,AATK
499,ABAT
500,ABCA1
501,ABCA2
502,ABCA3
503,ABCA4
504,ABCA5
505,ABCA7
506,ABCA8
507,ABCB1
508,ABCB4
509,ABCB6
510,ABCB7
511,ABCB8
512,ABCB9
513,ABCC1
514,ABCC10
515,ABCC2
516,ABCC3
517,ABCC4
518,ABCC5
519,ABCC6
520,ABCC8
521,ABCD1
522,ABCD3
523,ABCD4
524,ABCE1
525,ABCF1
526,ABCF2
527,ABCF3
528,ABCG1
529,ABCG2
530,ABCG4
531,ABHD10
532,ABHD11
533,ABHD14A
534,ABHD17B
535,ABHD2
536,ABHD3
537,ABHD4
538,ABHD5
539,ABHD6
540,ABHD8
541,ABI1
542,ABI2
543,ABL1
544,ABL2
545,ABLIM1
546,ABLIM3
547,ABO
548,ABR
549,ABRAXAS2
550,ABT1
551,ABTB2
552,ACAA1
553,ACAA2
554,ACACA
555,ACACB
556,ACAD10
557,ACAD8
558,ACADL
559,ACADM
560,ACADSB
561,ACADVL
562,ACAN
563,ACAP1
564,ACAP2
565,ACAT1
566,ACBD3
567,ACBD4
568,ACD
569,ACE
570,ACE2
571,ACIN1
572,ACKR1
573,ACKR2
574,ACKR3
575,ACLY
576,ACO1
577,ACO2
578,ACOT11
579,ACOT13
580,ACOT7
581,ACOT8
582,ACOT9
583,ACOX1
584,ACOX2
585,ACOX3
586,ACP1
587,ACP2
588,ACP5
589,ACP6
590,ACPP
591,ACRV1
592,ACSBG1
593,ACSBG2
594,ACSF2
595,ACSL1
596,ACSL3
597,ACSL5
598,ACSM3
599,ACSM5
600,ACSS3
601,ACTA2
602,ACTB
603,ACTC1
604,ACTG1
605,ACTG2
606,ACTL6A
607,ACTL7A
608,ACTL7B
609,ACTL8
610,ACTN1
611,ACTN2
612,ACTN3
613,ACTN4
614,ACTR10
615,ACTR1A
616,ACTR1B
617,ACTR2
618,ACTR3
619,ACTR3B
620,ACTR5
621,ACTR6
622,ACTR8
623,ACVR1
624,ACVR1B
625,ACVR2A
626,ACVR2B
627,ACVR2B-AS1
628,ACVRL1
629,ACYP1
630,ADA
631,ADA2
632,ADAM10
633,ADAM11
634,ADAM15
635,ADAM17
636,ADAM19
637,ADAM20
638,ADAM21
639,ADAM22
640,ADAM28
641,ADAM30
642,ADAM5
643,ADAM8
644,ADAM9
645,ADAMTS1
646,ADAMTS12
647,ADAMTS13
648,ADAMTS5
649,ADAMTS6
650,ADAMTSL2
651,ADAMTSL3
652,ADAP1
653,ADAP2
654,ADAR
655,ADARB1
656,ADAT1
657,ADCY1
658,ADCY2
659,ADCY3
660,ADCY6
661,ADCY9
662,ADCYAP1R1
663,ADD1
664,ADD2
665,ADD3
666,ADGRA2
667,ADGRA3
668,ADGRB1
669,ADGRB2
670,ADGRE1
671,ADGRE3
672,ADGRE5
673,ADGRF1
674,ADGRF5
675,ADGRG1
676,ADGRG2
677,ADGRG3
678,ADGRG6
679,ADGRL1
680,ADGRL2
681,ADGRL4
682,ADH1B
683,ADH6
684,ADI1
685,ADIPOR1
686,ADIPOR2
687,ADIRF
688,ADK
689,ADM
690,ADM2
691,ADNP
692,ADNP2
693,ADO
694,ADORA1
695,ADORA2B
696,ADORA3
697,ADPGK
698,ADPRH
699,ADPRM
700,ADRA2B
701,ADRA2C
702,ADRB2
703,ADRB3
704,ADRM1
705,ADSL
706,ADSS
707,ADTRP
708,AEBP1
709,AEN
710,AFDN-DT
711,AFF1
712,AFF2
713,AFF4
714,AFG3L2
715,AFM
716,AFP
717,AFTPH
718,AGA
719,AGAP1
720,AGAP2
721,AGBL5
722,AGER
723,AGFG1
724,AGFG2
725,AGGF1
726,AGL
727,AGMAT
728,AGO1
729,AGO3
730,AGO4
731,AGPAT1
732,AGPAT2
733,AGPAT3
734,AGPAT4
735,AGPAT5
736,AGPS
737,AGR2
738,AGRN
739,AGRP
740,AGT
741,AGTPBP1
742,AGTR1
743,AGXT
744,AHCTF1
745,AHCY
746,AHCYL1
747,AHCYL2
748,AHDC1
749,AHI1
750,AHNAK
751,AHR
752,AHSA1
753,AHSG
754,AHSP
755,AIF1
756,AIFM1
757,AIM2
758,AIMP1
759,AIMP2
760,AIP
761,AIPL1
762,AIRE
763,AJAP1
764,AK1
765,AK2
766,AK5
767,AKAP1
768,AKAP10
769,AKAP11
770,AKAP12
771,AKAP13
772,AKAP17A
773,AKAP3
774,AKAP6
775,AKAP7
776,AKAP8
777,AKAP8L
778,AKAP9
779,AKIP1
780,AKIRIN1
781,AKR1A1
782,AKR1B1
783,AKR1B10
784,AKR1C1
785,AKR1C2
786,AKR1C3
787,AKR7A2
788,AKR7A3
789,AKT1
790,AKT2
791,AKT3
792,AKTIP
793,ALAD
794,ALAS1
795,ALAS2
796,ALB
797,ALCAM
798,ALDH18A1
799,label
800,SSTR1
801,FARSA
802,RHOD
803,LMF2
804,NOVA2
805,ZSCAN2
806,ATF7
807,THSD4
808,AP2M1
809,CFP
810,RPS16
811,RPL37A
812,NSDHL
813,NAT1
814,OFD1
815,IFNGR1
816,PLAAT3
817,MOAP1
818,CX3CL1
819,APLNR
820,LYVE1
821,MTDH
822,TTI1
823,NRAS
824,CHP1
825,PCF11
826,RPARP-AS1
827,RHOBTB1
828,ZNF146
829,TMEM50B
830,LTA4H
831,NF1
832,HLA-DMA
833,LYPD1
834,FURIN
835,TMX4
836,CD5
837,RBM19
838,TP53TG1
839,NONO
840,TNS1
841,MMP26
842,NFKBIB
843,BAX
844,UBB
845,HMOX2
846,SEMA3F
847,SPOCK1
848,NOL12
849,GPX7
850,TNS4
851,F2RL1
852,CORO1B
853,PSMB3
854,CD47
855,PLEKHO1
856,FHL1
857,IKZF5
858,LRRFIP1
859,GADD45A
860,ATF7IP2
861,B4GALT4
862,BTN3A1
863,ASPA
864,PIP5K1C
865,INTS6
866,CFAP74
867,DTYMK
868,C12orf29
869,H2AFY
870,NKAPD1
871,MMP25
872,GCNT2
873,IL12RB1
874,B4GALT5
875,TAB2
876,THBD
877,MCPH1
878,PF4
879,VBP1
880,RHOB
881,MMP13
882,FZD4
883,L1CAM
884,RPL5
885,KCNG2
886,SNX27
887,SLC4A1
888,AVPR1A
889,TMPRSS2
890,TLR2
891,TMEM53
892,WDR45B
893,FKBP6
894,PEPD
895,UBTF
896,MERTK
897,C1GALT1C1
898,PRDM11
899,DEPDC5
900,SGK2
901,BTN3A3
902,COPE
903,HADHA
904,SIRT6
905,TCEAL1
906,ITPKB
907,SOD1
908,RGS14
909,UBE4B
910,GUF1
911,MOK
912,SLC35E3
913,CARTPT
914,MAP4K3
915,GDF15
916,PPFIBP2
917,DUSP6
918,CDH13
919,C21orf91
920,SFN
921,ATOX1
922,ELL
923,CRIM1
924,SERPINA6
925,ENC1
926,F12
927,HAO2
928,PERP
929,CRYAB
930,SOX13
931,PLEKHM2
932,CDC45
933,LLGL2
934,RBKS
935,GCC2
936,TNNC2
937,KLF12
938,SH3BP2
939,SLC39A1
940,RELN
941,PRELID3A
942,CPLANE2
943,HBEGF
944,C19orf24
945,ZC3H3
946,PPP1R37
947,MCOLN3
948,HSPB11
949,RPL13A
950,TCN1
951,RBM34
952,CHODL
953,PPP6R1
954,AURKC
955,RETN
956,GNA14
957,ZNRF4
958,NHLH1
959,PWWP2A
960,GNG5
961,SLC35A3
962,TGFBR2
963,CCDC90B
964,THEMIS2
965,RPL38
966,SYNM
967,CDKN2B-AS1
968,PTPN3
969,SPEN
970,SPRR1A
971,RAD50
972,MT3
973,CSTF1
974,KLK13
975,OSGIN1
976,KLF9
977,RHCG
978,C6orf120
979,RPA1
980,SPCS3
981,SCAND2P
982,CACNA1C
983,CDKN1B
984,BLMH
985,TOPORS
986,FBXL12
987,ATP9B
988,NDUFA13
989,PSMB1
990,KLF6
991,ATP6V0E2
992,TCF7L1
993,MOGS
994,SNRPB
995,PYY
996,EFCC1
997,TGS1
998,TNNT2
999,CASP8AP2
1000,NXPH3
1001,RAF1
1002,GADD45B
1003,YRDC
1004,INPP5F
1005,ETV4
1006,ZXDC
1007,CREB1
1008,DNAJC22
1009,NUPR1
1010,USP46
1011,IFI27
1012,SLC39A14
1013,ZFYVE21
1014,CAMLG
1015,NCOR2
1016,CWC25
1017,NEMF
1018,RAB35
1019,CSF2RB
1020,GAST
1021,TMED9
1022,SLC25A4
1023,IRX5
1024,LSG1
1025,PARP3
1026,FNTA
1027,SLC4A3
1028,PRSS50
1029,EHD1
1030,CRTC3
1031,NAP1L4
1032,DNAJB1
1033,BRMS1
1034,PTGER3
1035,ST7L
1036,CCNA2
1037,LNPEP
1038,MT1G
1039,KCNJ9
1040,GIPC2
1041,SPECC1L
1042,WDYHV1
1043,MIA2
1044,TMEM147
1045,C4BPA
1046,KLF11
1047,PIK3C2A
1048,HAUS5
1049,SNIP1
1050,OSBPL11
1051,CCT8L2
1052,SLC24A3
1053,NIT1
1054,NPIPB15
1055,GUCY1B1
1056,KMT2D
1057,HECTD3
1058,TTC38
1059,POLR3E
1060,LACTB2
1061,CTSB
1062,PSMB8
1063,PHKB
1064,C5orf15
1065,PEBP1
1066,FRMD8
1067,SYN2
1068,CDK10
1069,CTSE
1070,CD52
1071,SNAI2
1072,NME7
1073,SEMA3B
1074,RHOT2
1075,AP4M1
1076,NAP1L3
1077,TBX5
1078,RAP2B
1079,NEDD9
1080,DPP8
1081,TAPBPL
1082,SEMA4C
1083,GPATCH1
1084,THBS4
1085,XYLT2
1086,PVALB
1087,WDR55
1088,SAMHD1
1089,SELENOT
1090,PCK1
1091,CLEC1B
1092,ANXA2P3
1093,SNRNP35
1094,DUSP14
1095,CAPN15
1096,DUOX1
1097,LRRC41
1098,EMC2
1099,PTCD2
1100,TRAPPC13
1101,MYOC
1102,GPD1
1103,FGFR3
1104,TRIM66
1105,PXN
1106,EMCN
1107,SPI1
1108,ENTR1
1109,TRHDE
1110,TTF1
1111,REC8
1112,MAP3K1
1113,ZBTB7B
1114,BCL2
1115,CTXND1
1116,LSM5
1117,NR0B2
1118,HMBS
1119,TDRKH
1120,NDUFA8
1121,FGF16
1122,COQ2
1123,C1orf35
1124,HABP4
1125,IGHV3-23
1126,OR1G1
1127,PID1
1128,TEX13B
1129,SS18L1
1130,CEP104
1131,CHIC2
1132,OR1D2
1133,SUCLG1
1134,CNR2
1135,CD93
1136,BACH1
1137,MMP15
1138,GABBR2
1139,SMCP
1140,TNKS
1141,SNAPC4
1142,LYRM4
1143,NLRP1
1144,SEMA6B
1145,P2RX7
1146,WASHC4
1147,KNOP1
1148,WASF2
1149,ATP5F1C
1150,S100A3
1151,LHPP
1152,RHOC
1153,LGMN
1154,IFT20
1155,TRPV6
1156,RGN
1157,HIST1H2AM
1158,CHST2
1159,MYO1D
1160,HAS1
1161,ZNF7
1162,NSMCE4A
1163,PON2
1164,ARR3
1165,CHMP6
1166,KLHDC2
1167,CYP11B2
1168,NFE2L1
1169,G6PD
1170,DTX4
1171,UNC13B
1172,ZNF195
1173,CLIC4
1174,RENBP
1175,AQP8
1176,PES1
1177,SCN2A
1178,LAMB2
1179,ATAD3A
1180,CREB3
1181,EHHADH
1182,RNASEH1
1183,ATP2B4
1184,HHIPL2
1185,CFLAR
1186,EBP
1187,ATXN3
1188,RIMS1
1189,DIRAS3
1190,LMNB2
1191,ZNF337
1192,TTLL1
1193,KDM5A
1194,ALDH1A1
1195,ALDH1A2
1196,ALDH1A3
1197,ALDH1B1
1198,ALDH1L1
1199,ALDH2
1200,ALDH3A1
1201,ALDH3A2
1202,ALDH3B1
1203,ALDH4A1
1204,ALDH5A1
1205,ALDH6A1
1206,THOC5
1207,CALM3
1208,CRKL
1209,PSMA6
1210,GPX2
1211,PSMB9
1212,TIMM8A
1213,DIO3
1214,COL19A1
1215,POLD2
1216,DDX23
1217,PTPN7
1218,DENND2A
1219,CCNB1IP1
1220,SCMH1
1221,TCEA2
1222,RALY
1223,EEF1A2
1224,TMBIM6
1225,CYP3A5
1226,BCAS4
1227,CHN1
1228,PIM1
1229,PALLD
1230,TYMP
1231,MYT1
1232,PPARG
1233,FBXO2
1234,DDRGK1
1235,CCNB1
1236,PDK1
1237,MXD4
1238,USP19
1239,C15orf39
1240,CYP3A4
1241,PSMA4
1242,GSTK1
1243,C9orf116
1244,SMCO4
1245,GRPEL1
1246,THBS1
1247,R3HCC1
1248,MRPL11
1249,ZNF592
1250,LETMD1
1251,SLC15A3
1252,ESRRA
1253,FOS
1254,TPX2
1255,FDPS
1256,EIF6
1257,EPHX3
1258,PPOX
1259,NINJ2
1260,NQO2
1261,RAB31
1262,TRIM24
1263,POLR2D
1264,ANXA10
1265,HOMER2
1266,PPAN
1267,STUB1
1268,ZBTB25
1269,PI4KB
1270,C2orf72
1271,CFB
1272,DLG1
1273,KIAA0586
1274,CCL19
1275,LCN1
1276,NPR1
1277,SP100
1278,GFPT2
1279,DIS3
1280,HINFP
1281,PSTPIP1
1282,TINF2
1283,MYBPH
1284,RNASE3
1285,CLDN10
1286,MCF2L
1287,FSTL4
1288,PHF3
1289,NOL7
1290,HMMR
1291,TIMM13
1292,KHK
1293,MANEA
1294,PPAT
1295,CASP10
1296,CELF2
1297,ASB7
1298,FAM83E
1299,NFX1
1300,TARDBP
1301,IL22
1302,TACC2
1303,BCS1L
1304,DVL2
1305,MAGT1
1306,PRDX4
1307,GLRA2
1308,TRAF1
1309,MRPS15
1310,PLAC8
1311,PRKAB2
1312,BATF3
1313,PLN
1314,CHAT
1315,RNF4
1316,ASF1B
1317,GOLGA4
1318,MT2A
1319,OTOR
1320,SETD3
1321,FZD1
1322,DDIT3
1323,TANC2
1324,TAAR3P
1325,JMJD7
1326,ALDOA
1327,BHMT
1328,MNT
1329,GEMIN6
1330,IFRD1
1331,STRN
1332,MYO9B
1333,APOC1P1
1334,LYPLA1
1335,SNRPA
1336,ANK2
1337,COX6A2
1338,BBIP1
1339,ZNF548
1340,SOAT2
1341,CYTH1
1342,CUL4A
1343,TMEM184C
1344,PTPN6
1345,RBCK1
1346,RRBP1
1347,PDCD4
1348,THOP1
1349,SMOX
1350,PPP3CB
1351,KYAT3
1352,HEBP1
1353,SLC22A18
1354,TFDP1
1355,H2AFZ
1356,MDH2
1357,WTAP
1358,GID8
1359,RAD23A
1360,STAG3L4
1361,PPP1CC
1362,OSBPL7
1363,CCNH
1364,SF3B4
1365,TRBV10-2
1366,PJA1
1367,PEX26
1368,NDUFB1
1369,GPR75
1370,BID
1371,TJP3
1372,FAM193B
1373,RWDD3
1374,DDX10
1375,RAP2A
1376,TERF1
1377,INSRR
1378,NMD3
1379,ASGR1
1380,RBFOX2
1381,SSX3
1382,INPP5B
1383,TTC26
1384,PRKACA
1385,QARS
1386,ROR1
1387,PORCN
1388,STOML1
1389,LRIF1
1390,AMPD2
1391,HIRA
1392,DPM1
1393,PQBP1
1394,NEFH
1395,PURA
1396,DHX32
1397,CD247
1398,ASAP1
1399,FUT5
1400,SNX13
1401,CCDC9
1402,POLR2H
1403,PSPH
1404,RO60
1405,DENND2D
1406,PLCH2
1407,JAM3
1408,CIAPIN1
1409,MIS12
1410,SECISBP2L
1411,PTGES2
1412,NAAA
1413,SERPINA1
1414,NINL
1415,FAT2
1416,BSDC1
1417,ITGB3BP
1418,FILIP1L
1419,PVR
1420,NELFCD
1421,DDX3Y
1422,MEPE
1423,TTC1
1424,SSR1
1425,KIZ
1426,PANK2
1427,WASHC3
1428,STX17
1429,RGS12
1430,RPL13
1431,SRI
1432,ASB9
1433,TLE4
1434,CHST11
1435,SYN1
1436,SPATS2
1437,PEX19
1438,MTG1
1439,PPP2R1A
1440,IFIT2
1441,DESI1
1442,RANBP2
1443,PSME1
1444,HGS
1445,TTC9
1446,SLC16A5
1447,SHC1
1448,TNFSF14
1449,NDUFB2
1450,TRIM14
1451,VTI1B
1452,OTUB1
1453,BTG1
1454,TPST2
1455,IRS2
1456,MS4A6A
1457,WDR60
1458,PLPPR2
1459,BTNL3
1460,NTN1
1461,MAGEF1
1462,MYCBP2
1463,C11orf68
1464,IFT22
1465,NACA4P
1466,ATG13
1467,GRB14
1468,MEST
1469,SMO
1470,PPARA
1471,GPR12
1472,PIGB
1473,TAL1
1474,PRDM2
1475,TYRP1
1476,TRAPPC2L
1477,COG2
1478,SPG11
1479,KLF10
1480,SCAPER
1481,EFCAB2
1482,NLRP2
1483,SCAMP4
1484,IGHMBP2
1485,CASKIN2
1486,FBXO24
1487,APOC3
1488,PCDH9
1489,GATC
1490,UBTD1
1491,SLC29A2
1492,DLEC1
1493,PGAP3
1494,RWDD2A
1495,NOLC1
1496,MAN2A2
1497,C4orf19
1498,TWISTNB
1499,NDUFB5
1500,BIRC2
1501,PTPN21
1502,VEGFC
1503,UBXN6
1504,SLC5A12
1505,MET
1506,UGT2B15
1507,EDRF1
1508,TOB1
1509,RIC8B
1510,EPAS1
1511,RPUSD2
1512,C1orf21
1513,SMYD3
1514,RREB1
1515,KRTAP1-1
1516,ZNF556
1517,CLOCK
1518,SYT17
1519,FBLN5
1520,HPCA
1521,TNS2
1522,CAPRIN2
1523,CENPBD1P1
1524,GPR37L1
1525,MRPL44
1526,FSTL1
1527,WDR12
1528,PLA2G2A
1529,KLHL3
1530,PPP1R26
1531,DMTN
1532,TROAP
1533,VWF
1534,C5orf30
1535,GPN2
1536,PRKAR1A
1537,HNRNPAB
1538,AURKAIP1
1539,SUMO4
1540,ANAPC5
1541,KIF2C
1542,LINC00339
1543,FAM155A
1544,TNIP2
1545,TK2
1546,BAZ2A
1547,UNC45A
1548,M6PR
1549,KANSL2
1550,RARB
1551,INHBC
1552,BCL11A
1553,TIAL1
1554,MAPRE1
1555,CNN3
1556,E2F2
1557,RNF216
1558,FGR
1559,CLEC2B
1560,BAHD1
1561,KIAA0930
1562,IFITM2
1563,LCT
1564,ARFIP2
1565,KEL
1566,BRF1
1567,MAN2B2
1568,ZFP2
1569,BTN2A2
1570,ZNF835
1571,PPP1R3D
1572,ISG20
1573,ARSJ
1574,ASL
1575,COX5B
1576,RECQL4
1577,ZXDA
1578,SLAMF7
1579,ARL6IP1
1580,ATP6V0A4
1581,UBE2D2
1582,PPM1F
1583,HRC
1584,KISS1
1585,WDR48
1586,COX15
1587,ASXL2
1588,GP1BA
1589,CYP2C19
1590,PALM
1591,HESX1
1592,SMAD6
1593,GUCY2D
1594,NINJ1
1595,TSPAN6
1596,HPSE2
1597,BICD2
1598,TFB1M
1599,PLEKHA5
1600,SCGN
1601,LRRN3
1602,THNSL2
1603,CGA
1604,FLT3
1605,WDR62
1606,OAZ2
1607,PEX7
1608,ANKFY1
1609,WRAP53
1610,CTSG
1611,CREB3L2
1612,PGC
1613,KAT6A
1614,PUF60
1615,DDX19A
1616,HIVEP1
1617,BACE2
1618,GAS8-AS1
1619,VCAN
1620,NUP107
1621,PRCC
1622,ARPC1A
1623,SLC22A17
1624,HSP90B1
1625,CBLB
1626,DIPK2B
1627,EBLN2
1628,GNAS
1629,BOLA1
1630,DHRS7
1631,ATP5F1A
1632,PMS2P1
1633,COQ7
1634,GAS8
1635,POLG
1636,NEDD8
1637,PDIA3
1638,ITGB1BP2
1639,CCDC92
1640,LSM8
1641,PLCD1
1642,FEZ2
1643,TGFB1I1
1644,VAMP8
1645,BYSL
1646,FAIM2
1647,ITGB5
1648,TRIM38
1649,SMC3
1650,CYBA
1651,ATF2
1652,MMD
1653,IZUMO4
1654,DNAJB4
1655,STK32B
1656,NPHS1
1657,NECAB3
1658,GALNS
1659,HTR5A
1660,LANCL1
1661,PSRC1
1662,MTIF2
1663,SDF2
1664,NAA16
1665,BANK1
1666,PDE4A
1667,SERPING1
1668,SPRY1
1669,CLDN4
1670,FEM1C
1671,MBD4
1672,HES1
1673,TFB2M
1674,SLIRP
1675,SLC38A6
1676,POGLUT1
1677,GPS2
1678,SUPT16H
1679,GDPD5
1680,SERINC1
1681,SLTM
1682,YAF2
1683,LHB
1684,ITGAX
1685,MTMR9
1686,JPT1
1687,MYO10
1688,TBX21
1689,DYNC1LI2
1690,CCL25
1691,SENP6
1692,CAMK1
1693,COL4A6
1694,CRMP1
1695,SLC43A1
1696,LIMD1
1697,GUK1
1698,FBXO3
1699,COQ9
1700,SEC62
1701,HDLBP
1702,DNAJA3
1703,TACR2
1704,TPCN1
1705,STK11
1706,TMED5
1707,PECAM1
1708,PDE8B
1709,SORBS1
1710,RFX5
1711,USP7
1712,FOXG1
1713,TRAV27
1714,RAB11FIP1
1715,PCMT1
1716,TUT1
1717,ZNF202
1718,SAMD4B
1719,DYNC1H1
1720,USP4
1721,LMNA
1722,DGUOK
1723,SRPRA
1724,FXYD3
1725,PDE4C
1726,MTHFD2
1727,LST1
1728,CERS2
1729,GLI3
1730,PCID2
1731,VIM
1732,SH3GLB1
1733,KCTD20
1734,TSPYL1
1735,SEC61B
1736,TRAM1
1737,ATXN7L1
1738,MYBPC2
1739,GALNT6
1740,ESF1
1741,ENPP2
1742,PSMC5
1743,MMS19
1744,LIMCH1
1745,PTOV1
1746,SOCS3
1747,SLC1A7
1748,ICAM2
1749,RGS10
1750,CBR1
1751,PFKFB1
1752,PBLD
1753,PCDHGA1
1754,DEPTOR
1755,CFHR2
1756,CDR2L
1757,TAAR5
1758,RC3H2
1759,TBX4
1760,CHGA
1761,TIAM1
1762,AUP1
1763,ZDHHC4
1764,ERMAP
1765,RPN1
1766,EDC4
1767,LRRC32
1768,SCP2
1769,JUNB
1770,CRYL1
1771,SPTBN1
1772,MLYCD
1773,MCM5
1774,DENND1C
1775,ZNF286A
1776,MASP1
1777,WWC3
1778,SNUPN
1779,FOLR3
1780,CCNO
1781,COL6A3
1782,KPNA3
1783,TYRO3
1784,BTG3
1785,EHBP1
1786,LPP
1787,NEAT1
1788,CSF1
1789,GRK1
1790,PAMR1
1791,DAB2
1792,MAT2A
1793,C1orf68
1794,RPS21
1795,ISLR
1796,PHB2
1797,UBIAD1
1798,OVOL2
1799,DSCR4
1800,DLGAP4
1801,FAM118A
1802,JPH2
1803,TNFRSF13B
1804,TAF1B
1805,LIPE
1806,P2RX2
1807,PIK3CB
1808,ATP8A2
1809,OLFML3
1810,IGHE
1811,YARS2
1812,S100A10
1813,CD27
1814,SKI
1815,IQCA1
1816,LRP6
1817,ZNF324B
1818,NAGPA
1819,ZNHIT1
1820,HMGXB4
1821,ARHGAP25
1822,PCBP1
1823,SMC2
1824,TAAR2
1825,LCAT
1826,ZMAT4
1827,VAV1
1828,BRD2
1829,EIF4E2
1830,XPO4
1831,MICU1
1832,PUS7L
1833,PSMD3
1834,HMGB3P1
1835,SOS1
1836,FBXO41
1837,EIF2B3
1838,POSTN
1839,ARPC2
1840,PRC1
1841,POU6F1
1842,PHGDH
1843,CSF3R
1844,ECH1
1845,PTPN4
1846,ZDHHC7
1847,COL4A4
1848,SETD4
1849,PEX6
1850,FNBP1L
1851,LY96
1852,RNF123
1853,TUB
1854,RBM25
1855,PEG10
1856,FBXO9
1857,MCM3AP
1858,BCL2L11
1859,PPP3R1
1860,SAP30
1861,B4GALT2
1862,RNF103
1863,BNIP2
1864,NUP98
1865,GSK3B
1866,ESR1
1867,GDPD3
1868,BGN
1869,TF
1870,BPI
1871,ENO3
1872,ITM2A
1873,MLEC
1874,CTRL
1875,TMEM94
1876,SOBP
1877,MPZL2
1878,SEMA4F
1879,NKRF
1880,REEP5
1881,HAND1
1882,ATP6V1F
1883,KIAA0895
1884,PTPN12
1885,PASK
1886,DEFB1
1887,SCN2B
1888,UBL4A
1889,N4BP2L2-IT2
1890,NRGN
1891,CADM3-AS1
1892,SUPT4H1
1893,EPHB2
1894,FTSJ3
1895,TES
1896,SNX16
1897,SLC16A1
1898,UBE2Z
1899,HOXD9
1900,KIF13B
1901,GABRE
1902,SORT1
1903,NT5DC3
1904,DDX47
1905,SHFL
1906,AP2A2
1907,EMID1
1908,PARG
1909,NDUFB2-AS1
1910,PCMTD2
1911,LRRK1
1912,COL6A2
1913,AP1S2
1914,PAICS
1915,KRT38
1916,PKM
1917,YWHAZ
1918,CDHR2
1919,ATRN
1920,LGALS4
1921,DAD1
1922,NFKB2
1923,PLS1
1924,PI15
1925,DNM2
1926,MS4A1
1927,CTPS2
1928,MYO16
1929,CUTC
1930,COL1A2
1931,ATP5PO
1932,AOAH
1933,NRG1
1934,DENND5A
1935,LRPAP1
1936,DPP6
1937,RBM12B
1938,ERG28
1939,GLT8D1
1940,VPS51
1941,PPP1R12A
1942,ART1
1943,RNF219
1944,VPS35L
1945,RB1CC1
1946,PCNT
1947,GPER1
1948,C22orf24
1949,PSD
1950,MACO1
1951,DMXL2
1952,NUCB2
1953,PRKRA
1954,RITA1
1955,SAG
1956,SLC10A3
1957,TOMM34
1958,ANKLE2
1959,PLAAT2
1960,PEF1
1961,CARD14
1962,MTMR2
1963,IKBKB
1964,CUBN
1965,SLN
1966,PAFAH1B2
1967,NPFF
1968,ITGA10
1969,NUDT2
1970,SELENOF
1971,U2AF2
1972,MNX1
1973,ZCCHC14
1974,DRD4
1975,ATP6V1B2
1976,RAB21
1977,OR7E12P
1978,AMIGO2
1979,PIK3R2
1980,NPC1
1981,GLT8D2
1982,ZW10
1983,OR1A1
1984,PHYH
1985,PHF21A
1986,SLC1A1
1987,DDX6
1988,VPREB3
1989,TTC3
1990,EDA2R
1991,PSMC3
1992,HSP90AB1
1993,DUSP9
1994,GSTO1
1995,URGCP
1996,OPN1SW
1997,THOC6
1998,CHRDL1
1999,LY9
2000,MTNR1A
2001,SCO2
2002,PSD3
2003,SLC8A1
2004,RPGRIP1
2005,NTSR1
2006,THAP1
2007,RPS6KB2
2008,TRPC4AP
2009,ZNF395
2010,PADI2
2011,TMEM100
2012,MFSD11
2013,MAPK3
2014,KIRREL1
2015,SLC22A14
2016,TBL3
2017,PGBD5
2018,ECEL1
2019,INSL4
2020,SCARB2
2021,NUDC
2022,VCPKMT
2023,ZNF528
2024,BHLHB9
2025,PTCRA
2026,HOXB5
2027,GHITM
2028,TRAC
2029,QPCTL
2030,WASF1
2031,CSTF3
2032,NKAIN1
2033,TOP3B
2034,IGSF1
2035,HEG1
2036,RPL39L
2037,MUC16
2038,PIGH
2039,ZNF671
2040,IFI30
2041,WDR7
2042,HDAC5
2043,GALNT2
2044,SNAPC2
2045,TCF20
2046,SLC35C2
2047,SLF2
2048,PA2G4
2049,KCTD15
2050,MAPRE2
2051,DNAJC10
2052,RNLS
2053,CTC1
2054,LRP5
2055,IGLV1-40
2056,HDC
2057,COPS3
2058,NR1H3
2059,APOE
2060,SRY
2061,CROCCP3
2062,LIPC
2063,TSPAN15
2064,TRAF3
2065,PHF8
2066,IGFBP6
2067,BDKRB2
2068,PDGFC
2069,UBXN8
2070,NACAD
2071,MAGEC2
2072,FAM173A
2073,ZNF384
2074,C19orf54
2075,DDAH2
2076,CDK19
2077,CRABP2
2078,DIPK1A
2079,SEM1
2080,ANKRD17
2081,TIMM22
2082,ZKSCAN8
2083,TGDS
2084,ZNF3
2085,FBLN2
2086,DENND4C
2087,UBR2
2088,ITIH2
2089,CNGB1
2090,INTS13
2091,LRRN2
2092,OR2C1
2093,PINLYP
2094,CYP39A1
2095,NNAT
2096,CPD
2097,RASGRF1
2098,CPA2
2099,MEAK7
2100,NDUFC2
2101,SPOCK2
2102,SPARC
2103,KCNF1
2104,1-Mar
2105,TNFRSF10D
2106,YPEL5
2107,S100A14
2108,TNKS2
2109,CLCA1
2110,RAB11FIP2
2111,CDH22
2112,RAC1
2113,KRT10
2114,PFKFB2
2115,CTSS
2116,WSB2
2117,UCHL1
2118,PPP6R3
2119,ZNF8
2120,KLHL9
2121,HS2ST1
2122,HSD17B12
2123,CD40LG
2124,CYBRD1
2125,VDR
2126,XPO6
2127,HIBCH
2128,DNAAF1
2129,ANXA3
2130,MYD88
2131,SLC38A2
2132,PRKCB
2133,KRT83
2134,CEACAM5
2135,PRKG2
2136,TMX1
2137,FXYD7
2138,COMMD8
2139,UGDH
2140,C1orf56
2141,PRRG3
2142,TFAP2A
2143,FADS2
2144,UPK3A
2145,PTPRU
2146,STAMBP
2147,MTHFD1
2148,PRPF31
2149,CACNA1D
2150,SCNN1B
2151,COX8A
2152,MYL6
2153,SLC15A1
2154,BMP8B
2155,IGFBP5
2156,SRPX
2157,TFR2
2158,PFKL
2159,STAC
2160,CAPNS1
2161,ERGIC2
2162,ENTPD4
2163,SYNCRIP
2164,FAM53C
2165,BMP8A
2166,MAGI1
2167,DCSTAMP
2168,LMO4
2169,HTATSF1
2170,UBOX5
2171,MYOZ1
2172,CKMT2
2173,C5orf66
2174,HMGCS2
2175,MRPS11
2176,TIMM17A
2177,TMEM165
2178,CHST7
2179,TMPRSS15
2180,ARHGEF18
2181,KLHL1
2182,CHRNG
2183,MGA
2184,SIPA1
2185,PTK7
2186,NDEL1
2187,PDGFB
2188,PLCG2
2189,RHD
2190,ITPR2
2191,ASPH
2192,GNA15
2193,VWA8
2194,DAB1
2195,TPI1
2196,MRPL3
2197,C1orf116
2198,RCBTB1
2199,RPS6KA5
2200,EIF4E
2201,ZFAND3
2202,OLA1
2203,KCNAB1
2204,HAO1
2205,GLRX2
2206,ANK3
2207,SRF
2208,MRPL19
2209,GYPC
2210,UBE2G1
2211,AVIL
2212,CACNA1F
2213,GIGYF2
2214,HOXA7
2215,IMPDH2
2216,RGS2
2217,MSX1
2218,METTL9
2219,SLC7A4
2220,PRKN
2221,SMURF1
2222,ARHGEF16
2223,GGCT
2224,LINC00921
2225,MAST4
2226,SLC9A6
2227,MAP3K11
2228,FOXN1
2229,DMAC2L
2230,TBCCD1
2231,RAMP3
2232,FAM90A1
2233,LARP1
2234,TRPV2
2235,CLTA
2236,MRPL49
2237,TEC
2238,EIF5B
2239,CBL
2240,CHD5
2241,CAPN2
2242,FLNC
2243,TMEM131
2244,NME1
2245,RIN2
2246,CCND1
2247,TOPBP1
2248,BBS1
2249,CDKL3
2250,PARVA
2251,IGBP1
2252,CYP2E1
2253,MRPL13
2254,PPP2R2D
2255,ME2
2256,ST5
2257,DNAJC13
2258,FAM214B
2259,PARP1
2260,DCUN1D4
2261,USO1
2262,PECR
2263,MBP
2264,ARHGAP12
2265,EXTL1
2266,CRELD2
2267,RHPN1-AS1
2268,CPNE3
2269,KLK2
2270,CDCA8
2271,PAX5
2272,HLCS
2273,GPC5
2274,FOXH1
2275,PRAMEF12
2276,CDX2
2277,FMO2
2278,MYRF
2279,NOS2
2280,NOS1
2281,ST3GAL1
2282,TRIM26
2283,BCR
2284,ELOC
2285,RAB6B
2286,PRDM14
2287,CD63
2288,NCDN
2289,TANK
2290,CKLF
2291,TPPP3
2292,MKRN7P
2293,SLC25A44
2294,ZBTB17
2295,MYOF
2296,LHX1
2297,SMIM8
2298,CYP26B1
2299,ARL4C
2300,ITGAM
2301,UPF3A
2302,GNA11
2303,ATP7B
2304,FST
2305,GPX3
2306,FGFR2
2307,PYGO1
2308,ITM2B
2309,SLC20A1
2310,EDEM3
2311,ITPKA
2312,EFHC1
2313,COL1A1
2314,NDUFAF3
2315,GABPB1
2316,OXTR
2317,SLC11A1
2318,UAP1
2319,JADE3
2320,PLEKHF2
2321,RNF40
2322,SLC41A3
2323,MNAT1
2324,TBK1
2325,GUCA2A
2326,FCN1
2327,LIPG
2328,ANGEL2
2329,KANK3
2330,INPP4A
2331,EYA4
2332,LASP1
2333,TESC
2334,HIGD1A
2335,FBXO42
2336,SLC26A4
2337,APBB1
2338,TCEAL2
2339,CSK
2340,IL23A
2341,P2RX5
2342,PTK2B
2343,ANKRD2
2344,POU2AF1
2345,VTCN1
2346,LDHB
2347,CACNA1B
2348,BAG4
2349,TARS2
2350,GJA5
2351,TFCP2L1
2352,C11orf58
2353,ANXA7
2354,CRYZ
2355,BCL9
2356,TNPO3
2357,COASY
2358,CASP3
2359,ENTPD3
2360,DLC1
2361,PIGV
2362,LRIG1
2363,ARSF
2364,FCGBP
2365,CCNC
2366,EMD
2367,RECK
2368,LAMP5
2369,TGM1
2370,GPA33
2371,GUCY2F
2372,CLK1
2373,COX7A1
2374,LAMTOR2
2375,OLFML1
2376,ALDH7A1
2377,ALDH8A1
2378,ALDH9A1
2379,ALDOB
2380,ALDOC
2381,ALG12
2382,ALG13
2383,ALG3
2384,ALG5
2385,ALG6
2386,ALG8
2387,ALG9
2388,ALK
2389,ALKBH1
2390,ALKBH4
2391,ALLC
2392,ALMS1
2393,ALOX12P2
2394,ALOX15B
2395,ALOX5
2396,ALOX5AP
2397,ALPG
2398,ALPI
2399,ALPK3
2400,ALPL
2401,ALPP
2402,ALS2CL
2403,ALX1
2404,ALX4
2405,AMBN
2406,AMBP
2407,AMBRA1
2408,AMD1
2409,AMDHD2
2410,AMFR
2411,MR1
2412,TRIL
2413,RORA
2414,C1QA
2415,TNFAIP3
2416,CSPG5
2417,DDX24
2418,PRODH
2419,NR1D2
2420,PIK3C2B
2421,SERPINF2
2422,ING4
2423,ARPC4
2424,SLC6A13
2425,MYO5C
2426,WDR26
2427,ZNF557
2428,FMO3
2429,CDHR1
2430,ELF3
2431,SDC4
2432,H6PD
2433,ASNSD1
2434,MAFG
2435,BTN2A1
2436,IL2RG
2437,FRY
2438,NUDT4
2439,RHBDL1
2440,CHAF1A
2441,PIK3CA
2442,BMP4
2443,CRY1
2444,GLYR1
2445,SORBS3
2446,LOR
2447,LPAR6
2448,MPIG6B
2449,CGRRF1
2450,IRF2
2451,CDC16
2452,APOBEC3C
2453,GTPBP6
2454,PRKAR2A
2455,OLFML2B
2456,MPPED1
2457,SLC27A2
2458,KIF3C
2459,ZNF12
2460,STT3A
2461,CA10
2462,NEBL
2463,TBC1D9
2464,BPGM
2465,DCK
2466,CDC23
2467,WBP1L
2468,SIGMAR1
2469,C1orf174
2470,PAK1IP1
2471,PHF24
2472,CENPO
2473,PDE3B
2474,PSMB5
2475,PSG9
2476,TUBB2B
2477,EGLN3
2478,BORA
2479,NUBP2
2480,USP34
2481,TAF9B
2482,GFOD1
2483,DGKG
2484,YY2
2485,DNPH1
2486,N4BP2L2
2487,IK
2488,WFDC1
2489,KYNU
2490,PTP4A1
2491,ELF4
2492,MYOM2
2493,SPAG4
2494,RPL8
2495,ETFDH
2496,CYP2R1
2497,BCCIP
2498,THRA
2499,F8
2500,TM4SF5
2501,SLC25A1
2502,CHAF1B
2503,EIF4A3
2504,CHGB
2505,PDCD10
2506,CDX4
2507,NAA15
2508,CDH5
2509,NAV3
2510,CCNE1
2511,ZNF580
2512,TMEM8A
2513,ATG101
2514,TXN
2515,TNFRSF1B
2516,PTDSS2
2517,CLTCL1
2518,APBA1
2519,FH
2520,ZBTB39
2521,PLIN1
2522,TNRC6B
2523,RBM15
2524,GDF5
2525,ZEB1
2526,CNNM1
2527,TRAF3IP3
2528,USP3
2529,GJB3
2530,CLIC2
2531,CEND1
2532,KIR3DL2
2533,RNF31
2534,ARHGEF38
2535,OCRL
2536,RALBP1
2537,NPLOC4
2538,CHRNA1
2539,ELP3
2540,RPAP1
2541,P3H2
2542,CDS2
2543,CTH
2544,CREBBP
2545,ZDHHC14
2546,VTN
2547,MST1L
2548,VSIG10
2549,TSHZ2
2550,PCNA
2551,FAAP100
2552,PAX4
2553,GJA1
2554,METTL1
2555,ZAP70
2556,GGT5
2557,MPZL1
2558,DEGS1
2559,SPCS1
2560,TYR
2561,PPM1E
2562,REN
2563,HAT1
2564,CIDEB
2565,EVX1
2566,USH1C
2567,COL11A2
2568,RGS19
2569,GOLIM4
2570,EIF2AK2
2571,FAM174B
2572,RBFA
2573,FAM114A2
2574,KIAA0040
2575,PBX1
2576,TMEM70
2577,TSPAN32
2578,SLC12A1
2579,SNCG
2580,HSPB3
2581,THY1
2582,G3BP2
2583,GNAI1
2584,HIST1H1A
2585,TAP1
2586,ZBP1
2587,DARS
2588,SYK
2589,MFSD5
2590,CPNE1
2591,POLB
2592,SPN
2593,MED20
2594,GIMAP4
2595,HPX
2596,CLCN1
2597,PGF
2598,NIPAL3
2599,ECHDC3
2600,CLDN11
2601,H1FX
2602,SERPINI1
2603,GRHL2
2604,DRC3
2605,GFPT1
2606,TACC3
2607,KMT2A
2608,ITPKC
2609,JMJD4
2610,CNP
2611,SSR4
2612,CHCHD3
2613,AP4E1
2614,WT1
2615,CTTN
2616,MYL10
2617,RETREG1
2618,CDC34
2619,NPAS1
2620,CITED1
2621,ARRB1
2622,GPR52
2623,DOP1A
2624,KIAA0556
2625,GNAT1
2626,HMGCS1
2627,PTMS
2628,CCDC121
2629,SLC33A1
2630,TCTA
2631,PRKCI
2632,TOR3A
2633,CMTR1
2634,OR7A17
2635,KLK12
2636,GPATCH8
2637,FXN
2638,CNTNAP1
2639,PHF11
2640,SYNGR4
2641,KLHL25
2642,GSS
2643,STRN4
2644,FXR1
2645,NTSR2
2646,MYO6
2647,SVIL
2648,VWA5A
2649,VAPA
2650,CHAD
2651,SRP9
2652,C9orf40
2653,INSR
2654,POLR3B
2655,PHTF2
2656,MPO
2657,EIF4G2
2658,BHLHE40
2659,ZPR1
2660,CLIP3
2661,MPDZ
2662,OPRL1
2663,PAX2
2664,MVP
2665,EIF2AK1
2666,IFT122
2667,HKDC1
2668,METTL22
2669,OARD1
2670,WNK1
2671,WNT2B
2672,BST1
2673,FAM204A
2674,SP1
2675,CD101
2676,OAS1
2677,SLC34A2
2678,DMD
2679,MYH9
2680,PARP11
2681,VAMP1
2682,UBE2L3
2683,IFI16
2684,RMND5B
2685,PROCR
2686,FAM13A
2687,DGKZ
2688,ESR2
2689,THOC1
2690,TJP2
2691,IFIT5
2692,MISP
2693,HYPM
2694,FPR2
2695,CTDSPL
2696,ERCC1
2697,ARHGAP33
2698,PSAT1
2699,APMAP
2700,MAPK8IP2
2701,IRF8
2702,ARHGEF15
2703,FZD7
2704,ANKRD46
2705,MED4
2706,ING2
2707,QKI
2708,AOC3
2709,BMP7
2710,SYT2
2711,HIP1
2712,CPVL
2713,NR5A1
2714,CA8
2715,SPINT2
2716,SRPK2
2717,PTGER1
2718,TRIM2
2719,CSH2
2720,LRPPRC
2721,GRIK3
2722,C9orf16
2723,CLASP1
2724,CCNB2
2725,RSPH14
2726,INTS7
2727,RCC1
2728,MARCO
2729,ZKSCAN3
2730,ARAP3
2731,UPF1
2732,VPS33B
2733,STARD8
2734,CACNA1S
2735,GPD1L
2736,SYNJ1
2737,DNALI1
2738,OR10H1
2739,ANKHD1
2740,MAEA
2741,BBX
2742,MYO9A
2743,CRBN
2744,GPR45
2745,DCAF6
2746,IL24
2747,RBM7
2748,MAN1A2
2749,IL17RB
2750,SERPINA3
2751,PNMA2
2752,PPL
2753,KIF3A
2754,ARHGEF3
2755,ZBTB7A
2756,TIPARP
2757,APBB2
2758,GLOD4
2759,DCP1A
2760,CD2BP2
2761,PKP1
2762,CHST12
2763,TPSG1
2764,TRDMT1
2765,CYB5B
2766,SPON1
2767,ERO1B
2768,ARMC8
2769,HLA-A
2770,SREBF2
2771,ATG14
2772,DAP3
2773,OSBPL1A
2774,MAVS
2775,MPV17
2776,FOXC1
2777,PRKACB
2778,UROD
2779,FLOT1
2780,AP5S1
2781,SRRT
2782,LOC254896
2783,RAB40C
2784,LRP3
2785,AP5M1
2786,FABP6
2787,PEX10
2788,ISCU
2789,SLC12A4
2790,COQ10B
2791,CAMTA1
2792,DENND1B
2793,HERC4
2794,PDS5B
2795,RANBP3
2796,OSBPL9
2797,OXA1L
2798,MAGEH1
2799,GNB5
2800,HERC5
2801,FCHO1
2802,ARHGAP32
2803,PDE8A
2804,TRAPPC8
2805,PKLR
2806,TRIM5
2807,INPP5E
2808,KLRG1
2809,LRRC19
2810,GLIPR1
2811,NRN1
2812,BMP2
2813,CDIP1
2814,CD6
2815,PACSIN3
2816,GRSF1
2817,NADSYN1
2818,ZNF219
2819,KCNN4
2820,PSMD9
2821,LCK
2822,EXOG
2823,ANTXR1
2824,ZNF74
2825,SNF8
2826,YJU2
2827,C2CD5
2828,MAP4K1
2829,HDAC2
2830,KCNJ2
2831,TOR1A
2832,TMEM209
2833,NXN
2834,TRPM4
2835,RAB33B
2836,PBX3
2837,SULT1A2
2838,MZB1
2839,SOX4
2840,KCNB2
2841,PPM1H
2842,MUC5B
2843,UPB1
2844,CRADD
2845,S100A6
2846,RHAG
2847,MACF1
2848,HLA-DRA
2849,INO80D
2850,KAZN
2851,RTF1
2852,PMS1
2853,RYK
2854,PAN2
2855,TOR4A
2856,PPP1R7
2857,DCAF8
2858,TRIP13
2859,MYC
2860,CLK2
2861,MICALL2
2862,LRRC15
2863,SF3A3
2864,CABP1
2865,RGL2
2866,IGFBP7
2867,KRT76
2868,EXD2
2869,NFATC4
2870,CNOT1
2871,CREM
2872,KDM2A
2873,SLC7A1
2874,CDKN1A
2875,ATXN7
2876,NRSN2
2877,NAV2
2878,CNGA1
2879,PDP1
2880,GATA3
2881,MYO5A
2882,GIT1
2883,PDE6D
2884,TCERG1
2885,ATG2B
2886,RNF2
2887,RPS6KB1
2888,SLC29A1
2889,TLR4
2890,THSD7A
2891,SEC63
2892,RAB3GAP1
2893,TRIT1
2894,EIF3K
2895,VWA1
2896,CP
2897,IL19
2898,ZNF444
2899,DZIP1
2900,UBE2L6
2901,TUBB3
2902,ZC3H7A
2903,PKD2
2904,PDIA5
2905,PBRM1
2906,TAPBP
2907,HCFC1R1
2908,MYO1A
2909,PHLDB1
2910,AZGP1
2911,GNS
2912,PIWIL2
2913,MAP1A
2914,IQCC
2915,ELK1
2916,EHMT2
2917,KYAT1
2918,NPAS3
2919,EDF1
2920,CHRNB1
2921,NCAPH2
2922,LMAN2L
2923,SAV1
2924,PRUNE1
2925,TRMT13
2926,SGCE
2927,RAB7A
2928,VPS39
2929,RFTN1
2930,STK10
2931,NOL9
2932,NCOA6
2933,CHPT1
2934,CSPP1
2935,GSR
2936,HNRNPK
2937,SLC35A5
2938,PKNOX1
2939,C1S
2940,TBP
2941,PUM3
2942,NSL1
2943,ERBB2
2944,CAVIN3
2945,RBFOX1
2946,LAT
2947,STAT4
2948,EPM2AIP1
2949,KIF1B
2950,PITX3
2951,RABEP2
2952,OR10H3
2953,ATXN2L
2954,SGK1
2955,HSF1
2956,CDKN1C
2957,TNMD
2958,CDKAL1
2959,NDUFA1
2960,SLC13A4
2961,RPS27L
2962,RPRM
2963,TRIM21
2964,DKFZP434A062
2965,HNF1B
2966,MRM1
2967,OSBPL8
2968,POLR2E
2969,MBTPS2
2970,AP3M2
2971,UBP1
2972,RNF10
2973,PDGFRB
2974,IBTK
2975,CTF1
2976,CALCA
2977,MALT1
2978,POMT2
2979,ARHGDIB
2980,COL7A1
2981,TDP2
2982,PDXK
2983,TBC1D9B
2984,HYI
2985,BAG2
2986,DUSP22
2987,ATP10D
2988,CDV3
2989,GNB2
2990,APOM
2991,ZNF335
2992,WASHC5
2993,PRORY
2994,RSL1D1
2995,CCT6A
2996,NDUFA2
2997,RBM39
2998,KLK15
2999,TLK1
3000,APH1A
3001,SLC44A4
3002,STS
3003,NUDCD3
3004,RIOX1
3005,BDH2
3006,CAP2
3007,C12orf4
3008,CASP8
3009,DVL3
3010,MOB1A
3011,LIMA1
3012,PEX2
3013,CHMP4A
3014,SULT4A1
3015,KLHDC10
3016,CERS4
3017,MT1F
3018,COL4A3BP
3019,MKRN2
3020,SNRNP70
3021,MIS18A
3022,UBA3
3023,CXCL2
3024,IL21
3025,SEC13
3026,SPA17
3027,STX1A
3028,IP6K1
3029,GNRH2
3030,TMEM135
3031,HSPG2
3032,MEF2A
3033,PFDN4
3034,TMEM267
3035,CIR1
3036,FSD1
3037,RFC2
3038,RBPJ
3039,ANP32B
3040,DENND5B
3041,PHOX2A
3042,IGF1
3043,CCNK
3044,ZNF593
3045,MC5R
3046,NFAT5
3047,EXO1
3048,KDM3B
3049,TP53I11
3050,MTHFSD
3051,EPHA2
3052,YTHDF1
3053,ATOH1
3054,LPCAT1
3055,BAG1
3056,ATP5IF1
3057,GM2A
3058,NPTXR
3059,MFSD9
3060,GYG1
3061,SERPINF1
3062,FDX1
3063,APEX1
3064,ARL8B
3065,CRIPT
3066,MYH11
3067,RNASEH2B
3068,RIOK2
3069,ANKRD49
3070,CYP46A1
3071,HNRNPD
3072,SLC5A5
3073,ENTPD6
3074,RPA3
3075,FLVCR2
3076,PZP
3077,GPALPP1
3078,NUP88
3079,KCNK10
3080,GMPPA
3081,PRSS16
3082,XRCC3
3083,ZNF330
3084,LINC00599
3085,SRGAP2
3086,NUBPL
3087,TSPYL5
3088,LDOC1
3089,NEDD4
3090,CALHM2
3091,LMX1B
3092,CCR1
3093,RBX1
3094,TRIP12
3095,POP4
3096,MRPS27
3097,JUN
3098,ANKRD27
3099,RAB25
3100,PAOX
3101,HELZ
3102,STAT5A
3103,DBP
3104,LPL
3105,FRAT2
3106,CCL2
3107,REST
3108,KCNIP1
3109,FAM168A
3110,EXOSC5
3111,POGLUT2
3112,PRNP
3113,STON1
3114,DGCR11
3115,SLC25A37
3116,MTRR
3117,HUS1
3118,ANKH
3119,BEGAIN
3120,B3GAT3
3121,IGLV2-14
3122,EPHB6
3123,IREB2
3124,PREPL
3125,IMPACT
3126,SLC3A2
3127,GATM
3128,ARHGDIG
3129,VPS37B
3130,SELENOP
3131,TLCD3A
3132,EHD3
3133,KIF17
3134,L2HGDH
3135,MTERF3
3136,SEPTIN10
3137,IKZF2
3138,DLD
3139,TPST1
3140,MTOR
3141,HNRNPUL2
3142,DSTYK
3143,RUBCN
3144,C16orf95
3145,ZBTB18
3146,SCN10A
3147,DYNC1LI1
3148,SREBF1
3149,LUC7L
3150,NOP53
3151,TMEM259
3152,OR51E2
3153,GTPBP8
3154,GRAMD4
3155,IRAK4
3156,NR3C1
3157,NUP85
3158,RNF130
3159,TPR
3160,B3GNT3
3161,HBS1L
3162,ZNF394
3163,DGKA
3164,KLHL11
3165,MLH3
3166,PPP1R8
3167,N6AMT1
3168,TRMT61B
3169,NOTCH4
3170,KCND1
3171,ESRP1
3172,LHX5
3173,GABBR1
3174,ST3GAL2
3175,ST3GAL6
3176,TIMP3
3177,SURF2
3178,ERCC8
3179,RPL15
3180,SNHG17
3181,SPON2
3182,CDC25B
3183,TST
3184,CENPU
3185,C2orf49
3186,CTDSP2
3187,ETNK2
3188,CPB1
3189,GNAI2
3190,CPEB3
3191,ARFIP1
3192,LRIG2
3193,FAM189A2
3194,MTA1
3195,ATP5F1B
3196,TUBB2A
3197,UBE2I
3198,PHYHIP
3199,PRKCZ-AS1
3200,CRYBB3
3201,ELP4
3202,ZNF253
3203,NR2C1
3204,NFYB
3205,SEMA4G
3206,TTLL5
3207,ROGDI
3208,MRPS2
3209,RAE1
3210,CSNK2A1
3211,IFNAR1
3212,DOK3
3213,WNT5A
3214,IL6ST
3215,CCNI
3216,WDR33
3217,KARS
3218,SART1
3219,AP2B1
3220,SERPINA5
3221,TUBA8
3222,RASSF8
3223,CLCN2
3224,RPS4Y1
3225,RRP8
3226,PADI1
3227,ZNF207
3228,XPNPEP2
3229,IER3
3230,WARS
3231,HSPA2
3232,ARTN
3233,BMP1
3234,TAF15
3235,ENTPD1
3236,CHKA
3237,SESN1
3238,ATXN7L3B
3239,MS4A4A
3240,LINC01565
3241,FAM131A
3242,HCP5
3243,KEAP1
3244,NAP1L2
3245,SLC2A4
3246,DEF6
3247,EIF3B
3248,LIMK1
3249,LARP6
3250,MYO15B
3251,RAB3IL1
3252,RNPEPL1
3253,FLNB
3254,PPIG
3255,APAF1
3256,GTF3C1
3257,WARS2
3258,SLCO4C1
3259,MANBA
3260,TP63
3261,CAPRIN1
3262,C1orf61
3263,SLC2A2
3264,VEGFA
3265,CEACAM1
3266,TMEM9B
3267,ATP11B
3268,HSPA9
3269,UQCR10
3270,COX7B
3271,WDR25
3272,WWC1
3273,LARGE1
3274,ARPC5
3275,TCL1B
3276,BMS1
3277,ZBTB40
3278,KCTD5
3279,DNAH3
3280,MRTFB
3281,NDUFB3
3282,CHD3
3283,EPHA7
3284,CCK
3285,VRK2
3286,SYF2
3287,HPCAL1
3288,SRBD1
3289,RGS5
3290,MAB21L4
3291,GLB1L
3292,PLAC4
3293,NRBP1
3294,LRRC23
3295,SPHK2
3296,KIAA0513
3297,SULT1A1
3298,AMOT
3299,CA1
3300,GPR35
